doi;title;date;keywords
10.1002/dvdy.520;Axolotl: A Resourceful Vertebrate Model for Regeneration and Beyond.;20220730;[]
10.1186/s13005-022-00331-4;Puricelli biconvex arthroplasty as an alternative for temporomandibular joint;20220729;['Ambystoma mexicanum', 'aging', 'cancer', 'immune system', 'regenerative medicine', 'transgenesis']
10.1007/s00417-022-05770-y;Treat and extend regimen for diabetic macular oedema-a systematic review and;20220729;['Biomaterials', 'Long-term follow-up', 'PMMA', 'Prostheses', 'Puricelli biconvex arthroplasty', 'TMJ ankylosis', 'Temporomandibular joint reconstruction']
10.1038/s41598-022-17371-0;Collagen-depletion strategies in dentin as alternatives to the hybrid layer;20220729;['Aflibercept', 'Bevacizumab', 'Diabetic macular oedema', 'Meta-analysis', 'Ranibizumab', 'Systematic review', 'Treat and extend']
10.1016/j.anl.2022.06.006;The association of food intake on the development of hearing impairment after;20220729;[]
10.1124/jpet.121.000467;Cyclosporine A Downregulates Selenoprotein P Expression via a Signal Transducer;20220729;['Beverage', 'Food', 'Hearing impairment', 'Mushroom']
10.1016/j.mad.2022.111712;Characteristics of geriatric rehabilitation inpatients based on their frailty;20220729;[]
10.1242/dev.200712;Time to go: neural crest cell epithelial-to-mesenchymal transition.;20220729;['Frailty', 'Geriatric assessment', 'Older people', 'Rehabilitation', 'Subacute care']
10.3389/froh.2022.971191;Editorial: Cellular Mechanisms of Aging and Longevity in Oral Health and Disease.;20220729;['Cadherins', 'EMT', 'Morphogens', 'Neural crest', 'Post-translational modifications', 'Transcription factors']
10.3389/fpubh.2022.860974;Role of the Social Support and Health Status in Living Arrangement Preference of;20220729;"['Alzheimer&#x27;s disease', 'inflammaging', 'microbiome', 'periodontitis', 'senescence']"
10.3389/fphys.2022.872562;Potential Roles of PTEN on Longevity in Two Closely Related Argopecten Scallops;20220729;['CLHLS', 'elderly', 'factors', 'health status', 'living arrangement preference', 'social support']
10.1186/s12877-022-03295-x;Interpretable classifiers for prediction of disability trajectories using a;20220728;['Argopecten scallops', 'PI3K/Akt/FoxO', 'PTEN', 'bivalve', 'genomic stability', 'nutrition restriction']
10.1016/j.mcn.2022.103760;The AICD fragment of APP initiates a FoxO3a mediated response via FANCD2.;20220728;['ADL limitations', 'Explanations', 'Functional disability', 'Machine learning', 'Trajectories']
10.1016/j.jconrel.2022.07.028;Nanobionics: From plant empowering to the infectious disease treatment.;20220728;['Amyloid', 'BIM', 'FANCD2', 'FoxO3a', 'Neurodegeneration']
10.1007/s11357-022-00633-0;"GH deficiency confers protective advantages against Alzheimer&#x27;s disease through";20220728;['Infectious disease', 'Nanobionics', 'Nanotechnology']
10.1017/S0007485322000281;Potential demographic impact of the insecticide mixture between thiacloprid and;20220728;['Alzheimer’s disease (AD)', 'Ames dwarf mice', 'Longevity', 'MicroRNAs']
10.1111/hsc.13947;Socioeconomic determinants for diagnosed non-communicable diseases among older;20220728;['Ecotoxicology', 'insecticide mixture', 'life table', 'natural enemy']
10.3389/fragi.2022.899744;Auxin-Inducible Degron System Reveals Temporal-Spatial Roles of HSF-1 and Its;20220729;['China', 'doctor-diagnosed chronic diseases', 'non-communicable disease', 'older people', 'socioeconomic status', 'urbanisation ratio']
10.3389/fphys.2022.895322;Nano-Messengers of the Heart: Promising Theranostic Candidates for Cardiovascular;20220729;['aging', 'auxin-inducible degron', 'core chaperome', 'heat shock factor', 'lifespan', 'proteostasis', 'temporal-spatial function']
10.1002/ece3.9126;Inter- and intraspecific variation in mycotoxin tolerance: A study of four;20220729;['biomarker', 'biomimetic', 'myocardial repair', 'stem cell exosomes', 'therapeutic delivery']
10.1001/jamanetworkopen.2022.23942;Association of Continuous Glucose Monitoring Use and Hemoglobin A1c Levels Across;20220729;['geographical variation', 'interspecific genetic variation', 'intraspecific genetic variation', 'mycotoxin tolerance']
10.1001/jamanetworkopen.2022.23285;Analysis of Epigenetic Age Acceleration and Healthy Longevity Among Older US;20220729;['Blood Glucose', 'Blood Glucose Self-Monitoring', '*Diabetes Mellitus, Type 1', 'Glycated Hemoglobin A/analysis', 'Humans', 'Longevity']
10.1590/1519-6984.257991;Effect of a short-cycle apple tree cultivar on oriental fruit moth (Lepidoptera:;20220728;['Acceleration', 'Aged', 'Aged, 80 and over', '*Aging/genetics', 'Cohort Studies', 'Epigenesis, Genetic', 'Female', 'Humans', '*Longevity/genetics']
10.3390/vaccines10081186;Anti-TNFα Treatment Impairs Long-Term Immune Responses to COVID-19 mRNA Vaccine;20220729;['Animals', 'Diet', 'Female', 'Fruit', 'Larva', '*Malus', '*Moths']
10.3390/jcdd9080233;Causal Associations between Paternal Longevity and Risks of Cardiovascular;20220729;['AD  - Division of Gastroenterology, Rabin Medical Center, Petah Tikva 4941492, Israel.', 'COVID-19', 'anti-SARS-CoV-2 antibodies', 'circulating B cells', 'cross-reactivity', 'mRNA-BNT162b2', 'serologic response longevity', 'vaccine']
10.3390/insects13080663;Sex Pheromone of Cocoa Pod Borer, Conopomorpha cramerella: Field Activity;20220729;['Mendelian randomization', 'cardiovascular diseases', 'coronary heart disease', 'paternal longevity', 'peripheral artery disease']
10.3390/gels8080460;Advances in 3D Gel Printing for Enzyme Immobilization.;20220729;['cocoa pod borer', 'dose-response', 'field evaluation', 'longevity', 'pheromone lure formulation']
10.3390/cells11152291;The Functional Role of Long Non-Coding RNA in Myogenesis and Skeletal Muscle;20220729;['3D printing', 'biocatalysis', 'biosensing', 'enzyme', 'hydrogel', 'immobilization']
10.3390/v14071348;Grapevine Leafroll-Associated Virus 3 Genotype Influences Foliar Symptom;20220728;['Humans', 'Muscle Development/genetics', 'Muscle, Skeletal/metabolism', 'Muscular Atrophy/genetics/metabolism', '*Muscular Diseases/genetics', '*RNA, Long Noncoding/genetics/metabolism', 'Myoparr', 'cachexia', 'long non-coding RNA', 'sarcopenia', 'skeletal muscle atrophy']
10.3390/ph15070819;Bioactive Peptides and Exercise Modulate the AMPK/SIRT1/PGC-1α/FOXO3 Pathway as a;20220727;['Closteroviridae', 'Farms', 'Genotype', 'New Zealand', 'Plant Diseases', '*Vitis', 'grapevine leafroll disease', 'grapevine leafroll-associated virus 3', 'host–virus interaction', 'visual symptoms identification']
10.3390/nu14142923;Neuroprotective Role of Lactoferrin during Early Brain Development and Injury;20220728;['AMPK', 'bioactive peptide', 'exercise', 'hypertension', 'mitochondrial biogenesis']
10.3390/molecules27144396;Antiaging Mechanism of Natural Compounds: Effects on Autophagy and Oxidative;20220728;"['Adult', 'Brain/metabolism', '*Enterocolitis, Necrotizing/prevention &amp; control', 'Female', 'Humans', 'Infant, Newborn', '*Infant, Newborn, Diseases', 'Infant, Premature', 'Lactoferrin/metabolism/pharmacology', 'Longevity', 'Milk, Human/metabolism', 'Pregnancy', '*Premature Birth', 'brain development', 'lactoferrin', 'neurodegenerative diseases', 'neuroprotection', 'prematurity']"
10.3390/medicina58070860;New Perspectives in Therapeutic Vaccines for HPV: A Critical Review.;20220728;"['Autophagy', '*Oleanolic Acid/analogs &amp; derivatives', 'Oxidative Stress', 'Reactive Oxygen Species/metabolism', 'CAPE', 'CDDO derivatives', 'aging', 'autophagy', 'guggulsterone', 'oxidative stress', 'resveratrol', 'sulforaphane', 'xanthohumol']"
10.3390/ijms23147602;Ubiquitin Ligases in Longevity and Aging Skeletal Muscle.;20220728;"['Female', 'Humans', 'Male', 'Papillomaviridae', '*Papillomavirus Infections/prevention &amp; control', '*Papillomavirus Vaccines/therapeutic use', '*Uterine Cervical Neoplasms/prevention &amp; control', 'Vaccination', 'CIN', 'Human Papillomavirus', 'therapeutic vaccine']"
10.3390/ijms23147526;High Concentrations of Genistein Decrease Cell Viability Depending on Oxidative;20220728;['*Longevity', 'Muscle, Skeletal/metabolism', 'Proteasome Endopeptidase Complex/metabolism', 'Quality of Life', '*Ubiquitin/metabolism', 'Ubiquitin-Protein Ligases/metabolism', 'E3 ubiquitin ligase', 'healthspan', 'protein degradation', 'proteostasis', 'sarcopenia']
10.3390/ijms23147491;Effects of Different Types of Chronic Training on Bioenergetic Profile and;20220728;['Apoptosis', 'Cell Survival', '*Colonic Neoplasms/pathology', '*Genistein/pharmacology', 'HT29 Cells', 'Humans', 'Hydrogen Peroxide', 'Inflammation', 'NF-kappa B/metabolism', 'Oxidative Stress', 'cell viability', 'colorectal cancer', 'genistein', 'hydrogen peroxide production', 'inflammation', 'mitochondrial biogenesis']
10.3390/insects13070588;The Effect of Supplementary Feeding with Different Pollens in Autumn on Colony;20220727;['Energy Metabolism', 'Humans', '*Hydrogen Peroxide/metabolism/pharmacology', 'Muscle, Skeletal/metabolism', '*Myoblasts/metabolism', 'Oxidative Stress', 'Reactive Oxygen Species/metabolism', 'exercise', 'human myoblast LHCN-M2', 'longevity', 'metabolism', 'oxidative stress']
10.3390/ijerph19148542;Comparison of Characteristics of Definition Criteria for Respiratory;20220728;['C. creticus pollen', 'P. somniferum pollen', 'colony performance', 'honey bee', 'longevity']
10.3390/ijerph19148410;Frailty Risk Prediction Model among Older Adults: A Chinese Nation-Wide;20220728;['Aged', '*Airway Obstruction', 'Female', '*Frailty', 'Humans', 'Male', 'Peak Expiratory Flow Rate', '*Sarcopenia/diagnosis', 'Vital Capacity', 'forced vital capacity', 'peak expiratory flow rate', 'respiratory muscle strength', 'respiratory sarcopenia', 'sarcopenia']
10.3390/ijerph19148345;The Effect of the Long-Term Calcipotriol/Betamethasone Dipropionate Local Therapy;20220728;['Aged', 'China/epidemiology', 'Cross-Sectional Studies', '*Frailty/diagnosis/epidemiology', 'Humans', 'Longitudinal Studies', 'Middle Aged', 'ROC Curve', 'frailty', 'lifestyle', 'prediction model', 'risk factor', 'social support']
10.3390/biomedicines10071703;Genetic Susceptibility to Insulin Resistance and Its Association with Estimated;20220727;"['Betamethasone/analogs &amp; derivatives/pharmacology/therapeutic use', 'Calcitriol/analogs &amp; derivatives', 'Humans', '*Interleukin-17', '*Psoriasis/drug therapy', 'Recurrence', 'TRM', 'betamethasone dipropionate', 'calcipotriol', 'immune memory', 'psoriasis', 'tissue resident memory cells']"
10.3390/antiox11071317;Antioxidative Role of Hygrophila erecta (Brum. F.) Hochr. on UV-Induced;20220727;['HOMA—IR', 'Hungarian', 'Roma', 'estimated longevity', 'insulin resistance', 'optimized genetic risk score', 'single nucleotide polymorphism', 'type 2 diabetes']
10.3390/antiox11071313;Mangifera indica L. Leaves as a Potential Food Source of Phenolic Compounds with;20220727;['ECM', 'Hygrophila erecta', 'ROS', 'antioxidant', 'inflammation', 'melanin', 'photoaging']
10.3390/cells11142135;Cortical Organoids to Model Microcephaly.;20220728;['Mangifera indica L.', 'antifibrotic', 'antimicrobial', 'antioxidant', 'bioactive compound']
10.3390/biom12070921;Monoterpenes as Sirtuin-1 Activators: Therapeutic Potential in Aging and Related;20220728;['Animals', 'Humans', '*Induced Pluripotent Stem Cells', 'Mice', '*Microcephaly', 'Neurogenesis', 'Organoids', 'Reproducibility of Results', 'Golgipathies', 'brain organoids', 'induced pluripotent stem cells (iPSCs)', 'neocortex development', 'post-natal microcephaly', 'primary microcephaly']
10.1007/s10162-022-00860-4;Physiological Evidence for Delayed Age-related Hearing Loss in Two Long-lived;20220726;['Aging', 'Animals', 'Longevity', 'Mammals/metabolism', 'Mitochondria/metabolism', '*Monoterpenes/metabolism', '*Sirtuin 1/metabolism', 'Sirtuin-1', 'age-related diseases', 'aging', 'iridoids', 'monoterpenes', 'monoterpenoids', 'secoiridoids']
10.1007/s00253-022-12089-5;Gut microbiome and aging nexus and underlying mechanism.;20220726;['Aging', 'Alternative model', 'Auditory brainstem response', 'Comparative study', 'Deer mouse', 'Presbycusis']
10.1172/jci.insight.158737;Succinate dehydrogenase inversely regulates red cell distribution width and;20220726;['Aging', 'Centenarian', 'Gut microbiota', 'Longevity', 'Probiotic']
10.1007/s11914-022-00739-6;Exercise and Exercise Mimetics for the Treatment of Musculoskeletal Disorders.;20220726;['Hematology', 'Hypoxia', 'Mitochondria', 'Pulmonology']
10.1111/jfb.15176;"The first record of burrowing goby Trypauchen vagina (Bloch &amp; Schneider, 1801)";20220726;['Exercise', 'Exercise mimetics', 'Frailty', 'Musculoskeletal disorders', 'Tissue cross-talk']
10.3389/fonc.2022.844790;Diffusion Breast MRI: Current Standard and Emerging Techniques.;20220727;['Maranhão', 'ballast water', 'invasion', 'worm-goby']
10.3389/fnut.2022.955101;Effects of Variability in Glycemic Indices on Longevity in Chinese Centenarians.;20220727;['breast cancer', 'diagnostic breast imaging', 'diffusion tensor (DT) MRI', 'diffusion weighted (DW) breast MRI', 'imaging biomarker', 'non-gaussian diffusion', 'radiomics', 'restriction spectrum imaging']
10.1038/s41568-022-00491-0;Natural killer cells in antitumour adoptive cell immunotherapy.;20220729;['centenarians', 'continuous glucose monitoring', 'glucose variability', 'hypoglycemia', 'longevity']
10.1038/s41577-022-00760-x;Mitochondrial control of inflammation.;20220729;[]
10.1038/s41598-022-15976-z;Senescent endothelial cells are predisposed to SARS-CoV-2 infection and;20220729;[]
10.3168/jds.2022-22026;Re-assessing the importance of linear type traits in predicting genetic merit for;20220725;['Aged', '*COVID-19', 'Disease Susceptibility/metabolism', 'Endothelial Cells/metabolism', 'Humans', 'SARS-CoV-2', '*Thrombosis/pathology']
10.3390/bioengineering9070299;Biomechanics of Transcatheter Aortic Valve Implant.;20220729;['aging', 'conformation', 'functional', 'genetic correlations', 'longevity']
10.1021/acsinfecdis.2c00230;Investigation of Salicylanilides as Botulinum Toxin Antagonists.;20220725;['structural valve degeneration', 'surgical aortic valve replacement', 'transcatheter aortic valve implantation', 'transcatheter heart valves']
10.1177/14034948221111264;Mid-life alcohol consumption and survival to age 90 in men: The Tromsø Study;20220725;['botulinum neurotoxin', 'protonophore', 'salicylanilide', 'small molecule antagonists']
10.1177/00220345221108699;Public Valuation of Direct Restorations: A Discrete Choice Experiment.;20220725;['Alcohol', 'epidemiology', 'longevity', 'mortality']
10.1017/S0140525X2200053X;"Sex-dependent selection, ageing, and implications for &quot;staying alive&quot;.";20220726;['dental caries', 'dental economics', 'health services research', 'healthcare policy', 'operative dentistry', 'patient preference']
10.1017/S0140525X22000553;"Staying alive enhances both women&#x27;s and men&#x27;s fitness.";20220727;['*Aging', 'Female', 'Humans', '*Longevity', 'Male']
10.1017/S0140525X22000401;Sex differences in longevity are relative, not independent.;20220726;['*Biological Evolution', 'Female', 'Humans', '*Longevity', 'Male', 'Survival']
10.1017/S0140525X22000449;"An expanded &quot;staying alive&quot; theory (SAT) underplays complexity in Homo sapiens.";20220727;['Female', 'Humans', '*Longevity', 'Male', '*Sex Characteristics']
10.3389/fnagi.2022.820108;Gut Microbiota Composition and Metabolic Potential of Long-Living People in;20220726;['Animals', 'Female', '*Hominidae', 'Humans', '*Longevity', 'Male']
10.2147/IDR.S369769;Durability of SARS-CoV-2 Specific IgG Antibody Responses Following Two Doses of;20220726;['butyric acid', 'gut microbiota', 'long-living people', 'short chain fatty acid (SCFA)', 'trimethylamine (TMA)']
10.1098/rsos.211611;Quantifying the effect of human population mobility on malaria risk in the;20220726;['AstraZeneca vaccine', 'Pfizer vaccine', 'SARS-CoV-2', 'anti-spike IgG antibody', 'antibody titer']
10.3389/fimmu.2022.918636;A Human CD68 Promoter-Driven Inducible Cre-Recombinase Mouse Line Allows Specific;20220726;['asymptomatic malaria', 'connectivity', 'human movement', 'malaria', 'movement ecology']
10.3389/fped.2022.891616;A Perspective on Pediatric Respiratory Outcomes During California Wildfires Due;20220726;['Animals', 'Humans', '*Integrases/genetics', 'Macrophages/metabolism', 'Mice', 'Mice, Transgenic', '*Tamoxifen/pharmacology', 'Cre/loxP', 'LysM.', 'hCD68', 'inducible', 'macrophage', 'targeting']
10.3389/fragi.2022.861686;HSF-1: Guardian of the Proteome Through Integration of Longevity Signals to the;20220729;['Air Quality Index (AQI) efficiency', 'California wildfires', 'PM2.5 exposure', 'pediatric', 'respiratory']
10.3389/fragi.2022.935220;Longevity-Promoting Pathways and Transcription Factors Respond to and Control;20220726;['Caenorhabditis elegans (C. elegans)', 'HSF-1 = heat-shock factor-1', 'aging', 'cell stress and aging', 'genetics', 'longevity', 'proteostasis']
10.1002/hsr2.741;Effect of standardized root extract of ashwagandha (Withania somnifera) on;20220726;['FOXO transcription factors', 'NF-κB transcription factor', 'Nrf2 transcription factor', 'collagen', 'extracellular matrix', 'healthy aging', 'mTOR signaling pathway', 'matrisome']
10.1111/arcm.12709;Silver recycling in the Viking Age: Theoretical and analytical approaches.;20220727;['DISF‐M', 'aphrodisiac', 'ashwagandha', 'male sexual wellness', 'prolactin', 'testosterone']
10.3389/ijph.2022.1604242;Socioeconomic Disparities in Disability-Free Life Expectancy and Life Expectancy;20220726;['Pb isotopes', 'Viking Age', 'cupellation', 'recycling', 'silver', 'trace elements']
10.22088/cjim.13.0.155;1Menstruation: a possible independent health promoter, aging and COVID-19.;20220726;['Adult', 'Aged', 'China/epidemiology', 'Female', '*Healthy Life Expectancy', 'Humans', '*Life Expectancy', 'Male', 'Middle Aged', 'Prospective Studies', 'Socioeconomic Factors', 'disability-free life expectancy', 'economic status', 'education', 'life expectancy', 'occupation', 'older adults', 'socioeconomic disparities']
10.1186/s12929-022-00838-7;Hesperetin promotes longevity and delays aging via activation of Cisd2 in;20220729;['Aging', 'Gender', 'Menstruation', 'Therapeutic plasma exchange', 'Women']
10.1016/j.exger.2022.111896;Relationship between heat shock proteins and cellular resistance to drugs and;20220729;['Aging/genetics', 'Animals', 'Autophagy-Related Proteins', 'Hesperidin', 'Humans', '*Longevity/genetics', 'Mice', 'Mice, Knockout', '*Nerve Tissue Proteins/genetics', 'Cisd2', 'Hesperetin', 'Longevity', 'Natural aging']
10.1016/j.jdent.2022.104235;Longevity of gold restorations in posterior teeth: A retrospective study up to;20220729;['Ageing', 'Cancer', 'Drug resistance', 'HSP', 'Heat shock proteins', 'Longevity', 'Ubiquitin-proteasome system (UPS)']
10.1016/j.ajp.2022.103224;Development and validation of a nomogram for predicting mild cognitive impairment;20220729;['Clinical study', 'FDI criteria', 'Gold', 'Indirect restorations', 'Longevity']
10.1186/s12905-022-01888-7;The impact of sex on blood pressure and anthropometry trajectories from early;20220729;['Middle-aged and elderly people', 'Mild cognitive impairment (MCI)', 'Nomogram', 'Rugao']
10.1186/s12909-022-03620-3;Complex skills are required for new primary health care researchers: a training;20220729;['Adult', 'Anthropometry/methods', 'Blood Pressure/physiology', 'Body Mass Index', '*Cardiovascular Diseases/epidemiology', 'Cross-Sectional Studies', 'Female', 'Humans', '*Longevity', 'Male', 'Nigeria/epidemiology', 'Risk Factors', 'Waist Circumference', '*Age', '*Anthropometry', '*Black Africans', '*Blood pressure', '*Female sex', '*Trajectory']
10.1016/j.cger.2022.03.006;COVID-19 Vaccines in Older Adults: Challenges in Vaccine Development and Policy;20220726;['Canada', '*Curriculum', 'Humans', 'Learning', 'Primary Health Care', '*Research Personnel', 'Education/curriculum development', 'Interdisciplinary research training', 'Primary health care research training', 'Teaching research skills']
10.1093/geronb/gbac099;"Is Transition in Living Arrangements Associated with Older Adults&#x27; Life";20220722;"['Aged', '*COVID-19/epidemiology/prevention &amp; control', 'COVID-19 Vaccines', 'Humans', 'Pandemics/prevention &amp; control', 'Policy Making', 'Vaccination', 'Vaccine Development', '*Vaccines', 'COVID-19', 'Disability', 'Frailty', 'Immunosenescence', 'Vaccine']"
10.1016/j.mad.2022.111711;Age-related diseases, therapies and gut microbiome: a new frontier for healthy;20220722;[]
10.1016/j.cell.2022.06.030;Establishing a blockchain-enabled Indigenous data sovereignty framework for;20220726;['age-related diseases', 'aging', 'anti-age therapies', 'gut microbiome', 'microbiome-based therapies']
10.1073/pnas.2200073119;"The importance of elders: Extending Hamilton&#x27;s force of selection to include";20220726;['*Blockchain', 'Computer Security', 'Genomics', 'Technology', 'blockchain', 'distributed ledger technology', 'genomics', 'health equity', 'iIndigenous health']
10.1371/journal.pone.0271829;Association of compassion and empathy with prosocial health behaviors and;20220728;['Adult', 'Aged', '*Biological Evolution', 'Female', 'Humans', 'Life Expectancy', '*Longevity', 'Middle Aged', 'Reproduction', 'Selection, Genetic', 'force of selection', 'human evolution', 'intergenerational transfers', 'life history theory', 'postreproductive lifespan']
10.1097/PHH.0000000000001519;Learning to Lead: 3 Models to Support Public Health Leadership Development.;20220726;"['Adult', 'Altruism', 'Attitude', '*COVID-19/epidemiology', 'Empathy', 'Health Behavior', 'Humans', '*Pandemics/prevention &amp; control', 'SARS-CoV-2']"
10.1007/s10493-022-00733-8;Transovarial toxicity matters: lethal and sublethal effects of hexythiazox on the;20220722;['Humans', '*Leadership', 'Learning', '*Public Health', 'Workforce']
10.7189/jogh.12.11005;The association between self-rated health and all-cause mortality and explanatory;20220725;['Hexythiazox', 'Life tables', 'Sublethal effects', 'Tetranychus urticae', 'Toxicity']
10.1002/adma.202202163;Halide Remixing Under Device Operation Imparts Stability on Mixed-Cation;20220722;['*Activities of Daily Living', 'Aged, 80 and over', 'China/epidemiology', '*Health Status', 'Humans', 'Longitudinal Studies', 'Male', 'Mortality', 'Proportional Hazards Models']
10.1111/jocd.15251;Influence of COVID-19 mRNA vaccination on the efficacy and safety of Botulinum;20220722;['diffraction', 'electrostriction', 'perovskite', 'photosegregation', 'photovoltaics']
10.3389/fmicb.2022.703183;Microbiome Heritability and Its Role in Adaptation of Hosts to Novel Resources.;20220723;['Botox', 'Botutlinum toxin', 'COVID -19', 'Vaccine']
10.3389/fnagi.2022.893444;Reduced Insulin Signaling Targeted to Serotonergic Neurons but Not Other Neuronal;20220723;['Tetranychus urticae', 'bacterial communities', 'endosymbionts', 'local adaptation', 'spider mites']
10.3389/fpsyg.2022.970345;Editorial: Psycho-Behavioral Factors and Longevity.;20220722;['Drosophila', 'ageing', 'behavioral senescence', 'insulin/IGF-like signaling', 'serotonergic neurons']
10.18699/VJGB-22-45;Hereditary predisposition of water voles (Arvicola amphibius L.) to seizures in;20220722;['age views', 'aging', 'emotion', 'intelligence', 'longevity', 'personality', 'psycho-behavioral factors', 'social relations']
10.1186/s12905-022-01886-9;Effectiveness of resilience training intervention on psychological capital of the;20220727;['age', 'hereditary predisposition', 'life span', 'population cycle', 'seizures', 'water vole']
10.1007/s00394-022-02957-1;Oligosaccharides from agar extends lifespan through activation of unfolded;20220721;['AD  - Research Center for Health Sciences, Institute of Health, Department of Health', 'Family Characteristics', 'Female', 'Humans', 'Iran', 'Surveys and Questionnaires', 'Vulnerable Populations', '*Widowhood', '*Psychological capital', '*Resilience', '*Training', '*Widowed women']
10.1242/jeb.244077;Dual spring force couples yield multifunctionality and ultrafast, precision;20220725;['ER stress', 'Healthspan', 'Longevity', 'Nematode', 'Oligosaccharide', 'Sir-2.1']
10.1016/j.yhbeh.2022.105226;The relative speed of the glucocorticoid stress response varies independently of;20220725;['Animals', '*Ants/physiology', 'Biomechanical Phenomena', 'Mandible/physiology', 'Movement/physiology', 'Biomechanics', 'Control', 'Dynamics', 'Elastic recoil', 'Fast movement', 'Springs', 'Trap-jaw ants']
10.1128/jvi.00760-22;Persistent Maintenance of Intermediate Memory B Cells Following SARS-CoV-2;20220721;['Comparative physiology', 'Corticosterone', 'Evolutionary endocrinology', 'Stress']
10.1128/jvi.00689-22;A Virion-Based Combination Vaccine Protects against Influenza and SARS-CoV-2;20220721;['CD4+ T cell', 'COVID-19', 'SARS-CoV-2', 'antibody', 'immunity', 'immunization', 'kinetics', 'longevity', 'longitudinal', 'memory B cells', 'neutralization', 'recovered', 'spike', 'vaccination']
10.7189/jogh.12.11006;Trends in the prevalence of vision impairment among the oldest-old Chinese;20220725;['SARS-CoV-2', 'influenza vaccines']
10.1161/CIRCULATIONAHA.122.059174;Racial and Ethnic Differences in All-Cause and Cardiovascular Disease Mortality:;20220725;['Aged', 'Aged, 80 and over', '*Cataract', 'China/epidemiology', 'Chronic Disease', '*Glaucoma', '*Hearing Loss', 'Humans', 'Longitudinal Studies', 'Prevalence', 'Retrospective Studies']
10.1093/abm/kaac039;Thinking Health-related Behaviors in a Climate Change Context: A Narrative;20220721;['Adult', '*Cardiovascular Diseases', 'Ethnicity', 'Hispanic or Latino', 'Humans', 'Risk Factors', 'Whites', 'cardiovascular diseases', 'ethnic and racial minorities', 'health status disparities', 'social determinants of health']
10.3389/fonc.2022.895106;Cold Atmospheric Plasma Conveys Selectivity Against Hepatocellular Carcinoma;20220722;['Behavioral health', 'Environmental changes', 'Global warming', 'Lifestyle medicine', 'Planetary health', 'Sustainability']
10.7717/peerj.13706;Mitochondrial marker implies fishery separate management units for spotted;20220722;['EGFR', 'autophagy', 'cold atmospheric plasma', 'hepatocellular carcinoma', 'post-translational modification']
10.1038/s41586-022-04979-5;Oocytes maintain ROS-free mitochondrial metabolism by suppressing complex I.;20220729;['Fisheries stock management', 'Pelagic fish', 'Phylogeographic study', 'Population genetics', 'Sardines']
10.1016/j.celrep.2022.111113;Deficiency of the RNA-binding protein Cth2 extends yeast replicative lifespan by;20220726;['Animals', 'Child, Preschool', 'Electron Transport Complex I/metabolism', 'Embryo, Mammalian/metabolism', 'Female', 'Humans', '*Mitochondria/metabolism', '*Oocytes/metabolism', 'Reactive Oxygen Species/metabolism']
10.1073/pnas.2203659119;Transient and durable T cell reactivity after COVID-19.;20220726;['Gene Expression Regulation, Fungal', 'Iron/metabolism', 'Longevity', 'Mitochondria/metabolism', 'RNA, Messenger/genetics/metabolism', 'RNA-Binding Proteins/genetics/metabolism', '*Saccharomyces cerevisiae/genetics/metabolism', 'Saccharomyces cerevisiae Proteins/*metabolism', 'Tristetraprolin/genetics/*metabolism', 'CP: cell biology', 'CP: molecular biology', 'Saccharomyces cerevisiae', 'aging', 'iron', 'mRNA-binding proteins', 'ribosome profiling']
10.1073/pnas.2202172119;Seed DNA damage responses promote germination and growth in Arabidopsis thaliana.;20220725;['Antibodies, Viral/blood', 'Antigens, Viral/immunology', '*COVID-19/blood/immunology', 'Convalescence', '*Cytokines/blood', 'Humans', 'Interferon-gamma/blood', 'Nucleocapsid Proteins/immunology', '*SARS-CoV-2/immunology', 'Spike Glycoprotein, Coronavirus/immunology', '*T-Lymphocytes, Helper-Inducer/immunology', 'COVID-19', 'SARS-CoV-2', 'T cell cytokines', 'T helper cells', 'longevity']
10.1098/rsob.220047;Complex regulatory role of DNA methylation in caste- and age-specific expression;20220724;"['*Arabidopsis/genetics/growth &amp; development', 'Arabidopsis Proteins/genetics/metabolism', '*DNA Damage', '*Germination/genetics', 'Seedlings/genetics/growth &amp; development', '*Seeds/genetics', 'Transcription Factors/genetics/metabolism', 'DNA repair', 'genome stability', 'germination', 'seed', 'seed quality']"
10.1371/journal.pone.0270347;Diagnose earlier, live longer? The impact of cervical and breast cancer screening;20220725;['Age Factors', 'Animals', '*Ants/genetics', 'Bees', 'DNA Methylation', 'Insecta', '*Isoptera/genetics', 'Social Class', 'DNA methylation', 'ageing', 'alternative splicing', 'caste-biased expression', 'fertility', 'termites']
10.1371/journal.pone.0271048;Age-specific growth and maturity estimates for the flatback sea turtle (Natator;20220727;"['*Breast Neoplasms/diagnosis/epidemiology/prevention &amp; control', 'Early Detection of Cancer/methods', 'Female', 'Humans', 'Longevity', 'Mass Screening/methods', '*Uterine Cervical Neoplasms/diagnosis/epidemiology/prevention &amp; control']"
10.1177/00221465221109634;Gender and Social Isolation across the Life Course.;20220720;['Age Factors', 'Animal Shells', 'Animals', 'Female', 'Male', 'Northern Territory', 'Reproduction', '*Turtles']
10.3760/cma.j.cn112338-20220329-00241;[Progress in research of regional longevity level].;20220721;['aging', 'gender', 'life course', 'relationships', 'social isolation']
10.1016/j.ssmph.2022.101162;"Increased adult child schooling and older parents&#x27; health behaviors in Europe: A";20220721;['Humans', '*Longevity']
10.1007/s12062-022-09376-4;Factors related to the accumulation of healthy behavior among older adults;20220721;['2SLS, Two-Stage Least Squares Regression', 'BMI, Body Mass Index', 'CSL, Compulsory Schooling Law', 'Health behaviors', 'Intergenerational influences', 'Lifecourse epidemiology', 'Quasi-experimental methods', 'SES, Socio-economic Status', 'Socio-economic status']
10.1177/15598276211029222;COVID-19: Implications for Physical Activity, Health Disparities, and Health;20220721;['Aging', 'Health Promotion', 'Preventive medicine', 'Public Health', 'Quality of life']
10.14336/AD.2022.0117;Extension of the Life Span by Acarbose: Is It Mediated by the Gut Microbiota?;20220721;['coronavirus', 'disabilities', 'health inequities', 'physical inactivity', 'race/ethnicity', 'sedentary behavior']
10.4047/jap.2022.14.3.182;Biomechanical evaluations of the long-term stability of dental implant using;20220721;['acarbose', 'gut microbiota', 'life span']
10.9778/cmajo.20220012;The burden of cancer among people living with HIV in Ontario, Canada, 1997-2020:;20220721;['Bone remodeling', 'Fatigue', 'Optimization', 'Reliability', 'Sensitivity analysis']
10.1016/j.ebiom.2022.104180;Plasma phospholipid polyunsaturated fatty acids composition in early pregnancy;20220728;['*Acquired Immunodeficiency Syndrome/complications/epidemiology', 'Adult', 'Cohort Studies', 'Female', 'Humans', 'Male', '*Neoplasms/epidemiology', 'Ontario/epidemiology', 'Retrospective Studies', 'Risk Factors']
10.1182/blood.2022016082;Targeting MDM2 enhances anti-leukemia immunity after allogeneic transplantation;20220719;['Cohort', 'Epidemiology', 'Fatty acid', 'Fetal growth', 'Nutrition', 'Plasma phospholipid', 'Polyunsaturated fatty acid', 'Pregnancy']
10.2337/dc21-2270;Periconceptional and First Trimester Ultraprocessed Food Intake and Maternal;20220719;[]
10.1016/j.vaccine.2022.07.002;Influenza vaccine effectiveness against hospitalization during the 2018/2019;20220719;[]
10.1016/j.jcmg.2022.06.007;Discordance Between Coronary Artery Calcium Area and Density Predicts Long-Term;20220719;['Influenza', 'Older persons', 'Pneumonia', 'Vaccine effectiveness']
10.1089/rej.2022.0027;Cellular and mitochondrial quality control mechanisms in maintaining homeostasis;20220719;['calcium density cardiovascular diseases', 'coronary artery calcium', 'multidetector computed tomography']
10.1007/s00421-022-05005-2;Muscle quality indices separately associate with joint-level power-related;20220718;[]
10.1093/ajcn/nqac138;ω-3 polyunsaturated fatty acid supplementation improves postabsorptive and;20220718;['Bioelectrical impedance spectroscopy', 'Echo intensity', 'Intracellular water', 'Rate of power development', 'Rate of velocity development', 'Specific muscle strength']
10.1097/QAD.0000000000003316;Understanding the pathways leading to socioeconomic inequalities in HIV testing;20220718;['COPD', 'PUFA', 'intervention', 'protein metabolism', 'randomized controlled trial', 'stable isotopes']
10.1016/j.heliyon.2022.e09901;Associations of financial inclusion with physical activity participation in later;20220719;[]
10.1016/j.apsb.2021.10.018;Multiparametric characterization of red blood cell physiology after hypotonic;20220719;['Financial inclusion', 'Ghana', 'Healthy longevity', 'Older people', 'Physical activity', 'Social networks']
10.3389/fpls.2022.915184;Transcription Factor DOF4.1 Regulates Seed Longevity in Arabidopsis via Seed;20220719;['Drug carrier', 'Hypotonic dialysis', 'Morphology', 'Omics', 'Red blood cells', 'Rheology', 'Senescence markers', 'l-Asparaginase']
10.3389/fpubh.2022.890652;The Impact of Frailty on Adverse Outcomes in Geriatric Hip Fracture Patients: A;20220719;['DOF4.1', 'cruciferin', 'seed longevity', 'seed storage proteins', 'transcription factor']
10.1016/j.tplants.2022.07.001;CLE peptides join the plant longevity club.;20220717;['Aged', 'Frail Elderly', '*Frailty/epidemiology', 'Geriatric Assessment/methods', 'Humans', 'Length of Stay', 'adverse outcomes', 'elders', 'frailty', 'hip fracture', 'meta-analysis']
10.1016/j.nic.2022.04.010;Imaging of Normal Brain Aging.;20220719;['CLE peptide', 'ROS', 'ethylene signaling', 'leaf senescence']
10.1111/ggi.14439;Predictive validity of the modified Kihon Checklist for the incidence of;20220720;['Aging/physiology', '*Brain', '*Diffusion Tensor Imaging/methods', 'Humans', 'Magnetic Resonance Imaging', 'Neuroimaging/methods', 'Aging mechanism', 'CAA', 'DTI', 'Lacunes', 'Microbleed', 'Structural MRI', 'WMH', 'fMRI']
10.1007/s10522-022-09978-7;Mitochondrial function and nutrient sensing pathways in ageing: enhancing;20220716;['functional ability', 'geriatric assessment', 'long-term care insurance', 'performing state', 'predictive discrimination']
10.1016/j.semcdb.2022.07.005;HEBP1 - An early trigger for neuronal cell death and circuit dysfunction in;20220716;['AMPK', 'Ageing', 'Dietary restriction', 'Mitochondria', 'Sirtuins', 'mTOR']
10.1016/j.tvir.2022.100839;Maximizing Angioplasty Results in Peripheral Interventions.;20220719;['Alzheimer’s Disease', 'HEBP1', 'Heme and neural circuits', 'Inflammation', 'Mitochondria', 'Neuronal apoptosis', 'Oxidative stress']
10.1016/j.biomaterials.2022.121658;Brief exposure to directionally-specific pulsed electromagnetic fields stimulates;20220727;['Aged, 80 and over', 'Angioplasty', '*Angioplasty, Balloon', 'Female', 'Femoral Artery/diagnostic imaging', 'Humans', 'Hyperplasia', '*Peripheral Arterial Disease/diagnostic imaging/therapy', 'Popliteal Artery', 'Treatment Outcome', 'Vascular Patency', 'Angioplasty', 'Balloon', 'Charles Dotter', 'Critical Limb Ischemia', 'Interventional Radiology', 'Maximizing Outcomes', 'Peripheral Artery Disease']
10.1016/j.ecoenv.2022.113836;Gestational PM(2.5) exposure may increase the risk of small for gestational age;20220728;['Cell-based meat', 'Conditioned media', 'Extracellular vesicles', 'Myokines', 'Streptomycin', 'TRPC1']
10.1007/s40520-022-02195-9;Diet-induced inflammation is associated with sarcopenia and muscle strength in;20220716;['Blood pressure', 'Hemoglobin', 'Mediation analysis', 'PM(2.5)', 'SGA']
10.1038/s41598-022-16471-1;Fatty acid tryptamide from cacao elongates Drosophila melanogaster lifespan with;20220719;['Diet', 'Energy', 'Inflammation', 'Muscle weakness', 'Older adults']
10.3168/jds.2021-21450;Genetic parameters for dairy calf and replacement heifer wellness traits and;20220726;"['Animals', '*Cacao/metabolism', '*Drosophila Proteins/metabolism', 'Drosophila melanogaster/metabolism', 'Fatty Acids/metabolism', 'Heat-Shock Proteins/metabolism', 'Longevity/genetics', 'Niacinamide/analogs &amp; derivatives', '*Sirtuins/genetics/metabolism', 'Tryptamines']"
10.1016/j.apmr.2022.06.011;Randomization to Treadmill Training Improves Physical and Metabolic Health in;20220715;['Animals', 'Birth Weight', 'Cattle/genetics', '*Cattle Diseases/epidemiology/genetics', 'Diarrhea/veterinary', 'Female', 'Lactation/genetics', '*Longevity/genetics', 'Milk', 'diarrhea', 'genetic parameter', 'pneumonia', 'replacement survivability', 'serum total protein']
10.1016/j.celrep.2022.111138;The generation of stem cell-like memory cells early after BNT162b2 vaccination is;20220729;['exercise rehabilitation', 'inflammation', 'oxidative stress', 'stroke survivor']
10.1371/journal.pone.0271238;Physical activity, sedentary behaviors and all-cause mortality in patients with;20220727;['CD8(+) T\xa0cell', 'COVID-19', 'CP: Immunology', 'MHC class I multimer', 'SARS-CoV-2', 'memory cell', 'vaccine']
10.1021/acs.chemrev.1c00703;Paleoproteomics.;20220715;['Accelerometry', 'Adult', 'Exercise', '*Heart Failure', 'Humans', 'Nutrition Surveys', '*Sedentary Behavior', 'Surveys and Questionnaires']
10.1002/jcop.22915;Pockets of Peace: A mixed methods, exploratory study of neighborhoods resilient;20220715;[]
10.1007/s11914-022-00738-7;Functional Heterogeneity Within Osteoclast Populations-a Critical Review of Four;20220715;['adolescent violence', 'community resilience', 'community violence', 'concentrated disadvantage', 'mixed-methods', 'neighborhood effects', 'urban neighborhoods']
10.1172/JCI157780;Distinct histopathological phenotypes of severe alcoholic hepatitis suggest;20220720;['Bone resorption', 'Erythromyeloid', 'Inflammatory osteoclasts', 'Longevity', 'Osteoclast', 'Osteomorphs']
10.1111/cobi.13976;The scientific contributions of citizen science applied to rare or threatened;20220715;['Animals', 'Ethanol/adverse effects', '*Hepatitis, Alcoholic/genetics/metabolism', 'Inflammation/pathology', 'Liver/metabolism', '*Liver Diseases, Alcoholic/genetics/metabolism', 'Mice', 'Mice, Inbred C57BL', 'Phenotype', 'Reactive Oxygen Species/metabolism', 'Gastroenterology', 'Hepatitis']
10.1002/iub.2662;Central nervous system cholesterol metabolism in health and disease.;20220722;['collaboration type', 'conservation measure', 'data quality', 'gray literature', 'longevity', 'participatory science', 'scientific publication']
10.1186/s12966-022-01324-x;Associations of accelerometer measured school- and non-school based physical;20220720;['Animals', 'Biological Transport', 'Brain', '*Central Nervous System/metabolism', 'Cholesterol/metabolism', '*Lipid Metabolism', 'Mammals/metabolism', 'TAR DNA-binding protein 43 KDa (TDP-43)', 'amyotrophic lateral sclerosis (ALS)', 'apolipoprotein E (ApoE)', 'astrocytes', 'blood-brain barrier (BBB)', 'cholesterol esters', 'cholesterol metabolism', 'frontotemporal dementia (FTD)', 'low-density lipoprotein receptor (LDLR)', 'neurons', 'oligodendrocytes', 'oxysterol', 'sterol regulatory element-binding protein 2 (SREBP2)']
10.1038/s41598-022-15873-5;Cabin1 domain-containing gene picd-1 interacts with pry-1/Axin to regulate;20220718;"['Accelerometry', 'Adolescent', 'Body Mass Index', 'Cross-Sectional Studies', 'Exercise', 'Female', 'Humans', 'Male', 'Obesity/epidemiology/prevention &amp; control', '*Overweight/epidemiology/prevention &amp; control', '*Sedentary Behavior', 'Adolescents', 'Body weight', 'Exercise', 'Physical activity', 'Public health']"
10.1016/j.amjcard.2022.05.032;Ventricular Septal Myectomy Decreases Long-Term Risk for Atrial Fibrillation in;20220714;['Animals', 'Axin Protein/genetics/metabolism', '*Caenorhabditis elegans/genetics/metabolism', '*Caenorhabditis elegans Proteins/metabolism', 'Longevity/genetics', 'Transcription Factors/genetics/metabolism']
10.1016/j.jacc.2022.05.016;"Contributions of the Women&#x27;s Health Initiative to Cardiovascular Research: JACC";20220718;[]
10.1371/journal.pcbi.1010202;Ten simple rules for designing and running a computing minor for bio/chem;20220721;"['Aged', 'Calcium', '*Cardiovascular Diseases/epidemiology/prevention &amp; control', 'Female', 'Hormone Replacement Therapy', 'Humans', 'Middle Aged', 'Observational Studies as Topic', 'United States/epidemiology', 'Vitamin D', 'Women&#x27;s Health', 'cardiovascular disease', 'epidemiology', 'menopause', 'prevention', 'randomized trial', 'women’s health']"
10.1093/ee/nvac053;Resistance to Spinetoram Affects Host Adaptability of Frankliniella occidentalis;20220714;['Humans', 'San Francisco', '*Students', 'Universities', 'Workforce']
10.1051/parasite/2022037;Occurrence, genetic diversity and zoonotic potential of Blastocystis sp. in;20220723;['broad bean', 'eggplant', 'host conversion', 'western flower thrip']
10.1002/brb3.2670;Plant-based dietary patterns and cognitive function: A prospective cohort;20220714;['Animals', '*Blastocystis/genetics', '*Blastocystis Infections/epidemiology/veterinary', 'China/epidemiology', '*Deer', 'Forests', 'Genetic Variation', 'Humans', 'Receptor Protein-Tyrosine Kinases/genetics', 'Receptors, Cholinergic/genetics', 'Zoonoses/epidemiology', 'Blastocystis sp.', 'China', 'Forest musk deer', 'Prevalence', 'Zoonotic potential']
10.1007/s11113-021-09683-2;Migration is the driving force of rapid aging in Puerto Rico: A Research Brief.;20220716;['cognitive function', 'healthy longevity', 'plant-based dietary patterns']
10.3389/fpubh.2022.921738;Associations of Boiled Water and Lifespan Water Sources With Mortality: A Cohort;20220716;['Demographic Transitions', 'Migration', 'Population Composition', 'Puerto Rico', 'Rapid Aging']
10.1007/s10964-022-01657-7;The Distinct Roles of Biological and Perceived Pubertal Timing in Delinquency and;20220713;['Aged', '*Cardiovascular Diseases/complications', 'Cohort Studies', '*Drinking Water', 'Humans', 'Longevity', 'Risk Factors', 'boiled water', 'groundwater', 'mortality', 'surface water', 'tap water']
10.1002/ps.7078;Threonyl-tRNA Synthetase gene, a potential target for RNAi-based control of three;20220713;['Delinquency', 'Depressive Symptoms', 'Longitudinal', 'Pubertal Timing']
10.1111/resp.14327;Letter from Australia.;20220713;['RNA interference', 'developmental duration', 'reproduction', 'rice planthoppers', 'specific control', 'threonyl-tRNA synthetase']
10.26508/lsa.202201531;Decreasing pdzd8-mediated mito-ER contacts improves organismal fitness and;20220726;['Australia', 'COVID-19', 'funding', 'health policy', 'longevity']
10.2196/39192;Intervention in Older Urban-Dwelling Veterans With Dysmobility: Protocol for a;20220729;"['Alzheimer Disease', '*Amyloid beta-Peptides/antagonists &amp; inhibitors/toxicity', 'Animals', 'Cellular Senescence', 'Disease Models, Animal', '*Drosophila Proteins/deficiency/genetics/metabolism', '*Drosophila melanogaster/cytology/drug effects/metabolism/physiology', '*Endoplasmic Reticulum/drug effects/metabolism', 'Gene Knockdown Techniques', 'Genetic Fitness', 'Locomotion/drug effects', 'Longevity/drug effects', '*Mitochondria/drug effects/metabolism', 'Mitochondrial Dynamics/drug effects', 'Mitophagy/drug effects', 'Neurons/drug effects', '*Peptide Fragments/antagonists &amp; inhibitors/toxicity']"
10.1007/s40519-022-01439-x;Investigating method effects associated with the wording direction of items of;20220716;['dysmobility', 'lifestyle modification programs', 'peer-led', 'veterans']
10.1002/advs.202201409;Genetic Disruption of KLF1 K74 SUMOylation in Hematopoietic System Promotes;20220713;['Item wording direction', 'Method effect', 'Methodological artifact', 'Scale', 'Social physique anxiety']
10.3389/fragi.2021.738512;Evidence that C/EBP-β LAP Increases Fat Metabolism and Protects Against;20220716;['KLF1/EKLF', 'SUMOylation', 'aging', 'antiaging', 'hematopoietic stem cells (HSCs)']
10.3389/fragi.2021.773795;Recent Advances in Studying Age-Associated Lipids Alterations and Dietary;20220716;['C/EBP (CCAAT-enhancer-binding protein)', 'adefovir dipivoxil (ADV)', 'diet-induced obesity', 'mTOR - mammalian target of rapamycin', 'metabolism and obesity']
10.3389/fragi.2021.697254;Adapting Blood DNA Methylation Aging Clocks for Use in Saliva Samples With;20220716;['aging', 'dietary intervention', 'healthy life span', 'lipid', 'metabolism']
10.3389/fragi.2021.782162;INDY-From Flies to Worms, Mice, Rats, Non-Human Primates, and Humans.;20220716;['DNA methylation', 'aging', 'aging clock', 'biogerontology', 'cell-type deconvolution', 'deep learning', 'domain adaptation', 'epigenetics']
10.3389/fragi.2021.707372;The Multifaceted Role of Nutrient Sensing and mTORC1 Signaling in Physiology and;20220716;['Indy', 'SLC13A5', 'aging', 'calorie restriction', 'citrate transporter', 'longevity gene']
10.3389/fragi.2021.726714;Aging: What We Can Learn From Elephants.;20220716;['aging', 'amino acids', 'dietary restriction', 'mTORC1', 'nutrient sensing']
10.3389/fragi.2021.740582;Applying C. elegans to the Industrial Drug Discovery Process to Slow Aging.;20220716;['aging', 'animal model', 'comparative aging research', 'elephant', 'gerontology', 'senescence']
10.3389/fragi.2021.741843;Drug Screening Implicates Chondroitin Sulfate as a Potential Longevity Pill.;20220716;['C. elegans', 'aging', 'drug discovery', 'efficacy', 'industry', 'regulatory', 'toxicity']
10.3389/fragi.2022.871226;New Roles for MicroRNAs in Old Worms.;20220716;['anti inflammatory', 'chondroitin sulfate', 'drug discovery', 'extracellar matrix', 'healthy aging', 'longevity', 'matreotype', 'supplement']
10.3389/fragi.2022.860404;Hijacking Cellular Stress Responses to Promote Lifespan.;20220716;['C. elegans', 'aging', 'autophagy', 'dietary restriction', 'insulin signaling', 'microRNA', 'proteostasis.']
10.3389/fragi.2022.817371;Healthy Aging: Comparative Analysis of Local Perception and Diet in Two Health;20220716;['C. elegans', 'aging', 'endoplasmic reticulum', 'heat-shock', 'mitochondria', 'stress']
10.3389/fragi.2022.903049;Considerations Regarding Public Use of Longevity Interventions.;20220716;"['Côte d&#x27;Ivoire', 'Japan', 'diet', 'healthy aging', 'perception']"
10.3389/fragi.2022.820215;Clinical Trials Targeting Aging.;20220716;['aging', 'biological age', 'chronological age', 'geroprotectors', 'interventions', 'public']
10.3389/fragi.2022.853588;Temperature-Dependent Regulation of Proteostasis and Longevity.;20220716;['NAD', 'aging', 'caloric restriction', 'clinical trials', 'exercise', 'rapamycin']
10.3389/fragi.2022.854157;Insights Into the Links Between Proteostasis and Aging From C. elegans.;20220716;['AFD neuron', 'Caenorhabditis elegans', 'cell non-autonomous signaling', 'longevity', 'protein aggregation', 'proteostasis', 'temperature', 'thermosensation']
10.3389/fragi.2022.944466;The Role of GCN2 Kinase in Mediating the Effects of Amino Acids on Longevity and;20220716;['C. elegans', 'autophagy', 'chaperones', 'protein aggragation', 'protein translation', 'proteostasis', 'stress responses', 'ubiquitin-proteasome system']
10.3389/fragi.2022.828239;LipidClock: A Lipid-Based Predictor of Biological Age.;20220716;['ATF4', 'Drosophila', 'GCN2', 'amino acid deficiency', 'feeding behaviour', 'longevity']
10.3389/fragi.2022.865178;Association of Vitamin K Insufficiency as Evaluated by Serum Undercarboxylated;20220716;['Caenorhabditis elegans', 'aging', 'aging clock', 'biomarker', 'lipidomics', 'lipids', 'machine learning']
10.3389/fragi.2022.736835;Metformin Attenuates Inflammatory Responses and Enhances Antibody Production in;20220716;['cross-sectional study', 'frailty', 'osteocalcin (OC)', 'undercarboxylated osteocalcin (ucOC)', 'vitamin K']
10.3389/fragi.2022.841796;Clonal Hematopoiesis Analyses in Clinical, Epidemiologic, and Genetic Aging;20220716;['Streptococcus pneumoniae', 'aging', 'metformin', 'pneumonia', 'vaccine response']
10.3389/fragi.2022.846977;Geranylgeranylacetone Ameliorates Beta-Amyloid Toxicity and Extends Lifespan via;20220716;['CHIP', 'aging', 'clonal hematopoiesis', 'longevity', 'somatic mutations']
10.1007/s10549-022-06655-8;"Long-term dietary intervention influence on physical activity in the Women&#x27;s";20220729;['Alzheimer’s disease', 'HSF1', 'aging', 'drug repurposing', 'geranylgeranylacetone', 'heat shock response', 'lifespan', 'longevity']
10.1007/s41999-022-00676-8;The longevity dividend through inanimate objects in the tales of Hans Christian;20220713;['Dietary intervention', 'Physical activity', 'Randomized trial', 'Self-directed', 'Women’s Health Initiative']
10.1186/s12915-022-01352-w;Antagonistic effects of mitochondrial matrix and intermembrane space proteases on;20220725;['Ageing', 'Culture', 'Geriatrics', 'Humanities', 'Literature']
10.1186/s12940-022-00876-6;The effects of greenness exposure on hypertension incidence among Chinese;20220721;['Mitochondria/genetics/metabolism', 'Mitochondrial Dynamics', 'Saccharomyces cerevisiae/genetics/metabolism', '*Saccharomyces cerevisiae Proteins/metabolism', '*Schizosaccharomyces/genetics/metabolism', '*Chronological aging', '*Mitochondrial dynamics', '*Mitophagy', '*Mitoproteases', '*Respiratory capacity']
10.1503/cjs.001121;Mechanical versus bioprosthetic valves in chronic dialysis: a systematic review;20220723;['Aged, 80 and over', 'China/epidemiology', '*Environment', 'Health Surveys', 'Healthy Aging', 'Humans', '*Hypertension/epidemiology', 'Incidence', 'Longevity', 'Longitudinal Studies', '*Plants', 'Proportional Hazards Models', 'Prospective Studies', 'Risk Assessment', 'China', 'Cohort study', 'Greenness', 'Hypertension', 'Oldest-old population']
10.1016/j.amjmed.2022.06.006;Mapping One Million COVID-19 Deaths and Unhealthy Lifestyle Behaviors in the;20220716;['*Bioprosthesis/adverse effects', '*Heart Valve Diseases/surgery', '*Heart Valve Prosthesis', 'Hemorrhage/etiology', 'Humans', 'Renal Dialysis/adverse effects', '*Stroke/complications']
10.1055/s-0042-1749409;Arcade Sutures to Minimize Ear Displacement in Rhytidectomy.;20220712;['Network', 'Healthy living', 'chronic disease', 'diet', 'obesity', 'pandemic', 'physical activity', 'social justice']
